{
	"width" : 640,
	"height" : 400,
	"intrinsic_matrix" :
	[
		379.0273132324219,
		0,
		0,
		0,
		379.07806396484375,
		0,
		322.70489501953125,
		190.06814575195312,
		1
	]
}


